<?xml version="1.0" encoding="UTF-8"?>
<!DOCTYPE fontscolors PUBLIC "-//NetBeans//DTD Editor Fonts and Colors settings 1.1//EN" "http://www.netbeans.org/dtds/EditorFontsColors-1_1.dtd">
<fontscolors>
    <fontcolor default="number" name="latte-markup-number"/>
    <fontcolor default="identifier" name="latte-markup-symbol"/>
    <fontcolor default="error" name="latte-error"/>
    <fontcolor foreColor="ff9e8541" name="latte-delimiter">
        <font style="bold"/>
    </fontcolor>
    <fontcolor default="identifier" name="latte-markup-cast"/>
    <fontcolor name="latte-markup-variable"/>
    <fontcolor default="string" name="latte-markup-string"/>
    <fontcolor default="keyword" name="latte-markup-keyword"/>
    <fontcolor default="comment" name="latte-comment"/>
    <fontcolor default="identifier" foreColor="ffcb6741" name="latte-markup-macro">
        <font style="bold"/>
    </fontcolor>
    <fontcolor default="separator" name="latte-markup-char"/>
    <fontcolor default="whitespace" name="latte-markup-whitespace"/>
</fontscolors>
