<?xml version="1.0" encoding="UTF-8"?>
<!DOCTYPE fontscolors PUBLIC "-//NetBeans//DTD Editor Fonts and Colors settings 1.1//EN" "http://www.netbeans.org/dtds/EditorFontsColors-1_1.dtd">
<fontscolors>
    <fontcolor default="number" name="number"/>
    <fontcolor default="separator" foreColor="ff90c175" name="flag">
        <font style="bold"/>
    </fontcolor>
    <fontcolor default="keyword" foreColor="ff00cc99" name="tagparam">
        <font style="bold+italic"/>
    </fontcolor>
    <fontcolor default="string" name="string"/>
    <fontcolor default="keyword" foreColor="ffcccccc" name="directiveparam"/>
    <fontcolor default="identifier" foreColor="ff9999ff" name="variable">
        <font style="bold"/>
    </fontcolor>
    <fontcolor default="comment" name="comment"/>
    <fontcolor default="keyword" foreColor="ff90c175" name="tag"/>
    <fontcolor default="error" name="error"/>
    <fontcolor default="whitespace" name="whitespace"/>
    <fontcolor default="keyword" name="directive"/>
</fontscolors>
