<?xml version="1.0" encoding="UTF-8"?>
<!DOCTYPE fontscolors PUBLIC "-//NetBeans//DTD Editor Fonts and Colors settings 1.1//EN" "http://www.netbeans.org/dtds/EditorFontsColors-1_1.dtd">
<fontscolors>
    <fontcolor bgColor="ff373d44" default="default" name="expression-language"/>
    <fontcolor default="default" foreColor="ff90c175" name="symbol">
        <font style="bold"/>
    </fontcolor>
    <fontcolor default="default" foreColor="ff00cc99" name="attribute-value"/>
    <fontcolor bgColor="ff373d44" default="default" name="scriptlet"/>
    <fontcolor default="default" name="tag-directive">
        <font style="bold"/>
    </fontcolor>
    <fontcolor default="default" name="attribute-name"/>
    <fontcolor default="default" name="endtag">
        <font style="bold"/>
    </fontcolor>
    <fontcolor bgColor="ff373d44" default="default" name="scriptlet-delimiter"/>
    <fontcolor default="default" foreColor="gray" name="comment">
        <font style="bold"/>
    </fontcolor>
    <fontcolor default="default" foreColor="ffff6666" name="error">
        <font style="bold"/>
    </fontcolor>
    <fontcolor default="default" foreColor="black" name="jsp-whitespace">
        <font style="bold"/>
    </fontcolor>
</fontscolors>
